Welcome to the MySQL monitor.  Commands end with ; or \g.
Your MySQL connection id is 9235670
Server version: 5.1.36-log Source distribution

Type 'help;' or '\h' for help. Type '\c' to clear the current input statement.

mysql> select count(*) from public_transaction where created_on=20100701 and description='Monthly Earnings' and pending=1;
+----------+
| count(*) |
+----------+
|     3709 |
+----------+
1 row in set (0.03 sec)

mysql> select count(*) from public_transaction where created_on=20100701 and description='Monthly Earnings' ;
+----------+
| count(*) |
+----------+
|     4619 |
+----------+
1 row in set (0.03 sec)

mysql> select count(*) from public_transaction where created_on=20100701 and description='Monthly Earnings' and pending=0;
+----------+
| count(*) |
+----------+
|      910 |
+----------+
1 row in set (0.04 sec)

mysql> quit
Bye
[rampage@titan ~]$ cat query.sql | mysql -u rampage -p redgage
Enter password:
[rampage@titan ~]$ mysql -u rampage -p redgage
Enter password:
Reading table information for completion of table and column names
You can turn off this feature to get a quicker startup with -A

Welcome to the MySQL monitor.  Commands end with ; or \g.
Your MySQL connection id is 9235887
Server version: 5.1.36-log Source distribution

Type 'help;' or '\h' for help. Type '\c' to clear the current input statement.

mysql> select count(*) from public_transaction where created_on=20100701 and description='Monthly Earnings' and pending=1;
+----------+
| count(*) |
+----------+
|        6 |
+----------+
1 row in set (0.02 sec)

mysql> select * from public_transaction where created_on=20100701 and description='Monthly Earnings' and pending=1;
+-------+---------+------------------+------------------+--------+---------+---------+---------+---------------------+------------+
| id    | user_id | transfer_type_id | description      | status | amount  | balance | pending | created_on          | updated_on |
+-------+---------+------------------+------------------+--------+---------+---------+---------+---------------------+------------+
| 45606 |    7165 |                1 | Monthly Earnings |      1 |  12.893 |  25.064 |       1 | 2010-07-01 00:00:00 | NULL       |
| 45649 |    7269 |                1 | Monthly Earnings |      1 | 104.836 | 111.546 |       1 | 2010-07-01 00:00:00 | NULL       |
| 46742 |    9509 |                1 | Monthly Earnings |      1 |  10.670 |  26.253 |       1 | 2010-07-01 00:00:00 | NULL       |
| 47220 |   10810 |                1 | Monthly Earnings |      1 |  62.727 |  62.727 |       1 | 2010-07-01 00:00:00 | NULL       |
| 47258 |   10915 |                1 | Monthly Earnings |      1 |  34.724 |  35.709 |       1 | 2010-07-01 00:00:00 | NULL       |
| 47321 |   11070 |                1 | Monthly Earnings |      1 |  62.399 |  62.399 |       1 | 2010-07-01 00:00:00 | NULL       |
+-------+---------+------------------+------------------+--------+---------+---------+---------+---------------------+------------+
6 rows in set (0.05 sec)

(i-search)`': Aborted
[rampage@titan ~]$
